LCSC,rotation,evidence,polarity
#,,RULE 1: a MEASURED offset must exist as its OWN ROW. Recording a measurement inside another row's evidence prose does not reach the resolver. Rows starting with # are skipped by jlc_rotation_resolve.py.
#,,"RULE 2 (2026-07-25, THE CORRECTION BELOW): NEVER populate a row from jlc_twin's jlc_offset. Derive it from the BOARD + JLC's cached model with an operator VERIFIED against pcbnew itself (pad.GetFPRelativePosition() vs pad.GetPosition()). jlc_twin.xform() used the wrong handedness, so every offset it reported was NEGATED: invisible at 0/180 (sign-invariant) and exactly 180deg wrong at 90/270. Six rows here were populated from it and were all 180deg wrong. Checker and checked must not share a method (canon M1)."
#,,"RULE 3 (2026-07-25, canon A-POL): the `polarity` column is a REQUIRED DECLARATION, one of n/a | two-channel | single-channel. A pad-NUMBER fit structurally CANNOT detect a model whose own numbering differs from ours, and a HIGH FIT MARGIN IS NOT CONFIDENCE: on usb-hub-3s-v3's indicator LEDs (C2296/C2297) the pad-number fit returns 180 with a 17.7x margin and is WRONG — JLC numbers pad 1 = ANODE while KiCad Device:LED is pin 1 = K, both libraries draw the cathode WEST, so the true offset is 0 and a 180 row would ship every indicator dark (indistinguishable from a bad joint). two-channel = a NUMBERING-FREE channel (silk chamfer, pin-1 dot/glyph, mounting-tab position, body/courtyard asymmetry, lead axis) is RECORDED IN THIS ROW. single-channel = no such channel exists; the row MUST name the JLC order-preview human gate, which then carries it before first order. Graded by jlc_rotation_audit.py --table.",
C6938291,270,"XU316-1024 128-lead SoC in TQFP-128_14x14mm_P0.4mm_EP_XU316. CORRECTED 90->270 on 2026-07-25: direct fit of the board footprint vs JLC's cached model, 129 pads matched by number, proven operator -> rms 0.2047mm @270 vs 11.98mm next best (58x). crow-recorder-central-v2 v1.0/v1.1/v1.2 all shipped 270 and were RIGHT; v1.3 'corrected' it to 90 and is 180deg WRONG (DO-NOT-ORDER for U1).",n/a
C181312,270,"PCM1865 ADC in TSSOP-30_4.4x7.8mm_P0.5mm. CORRECTED 90->270 on 2026-07-25: 30 pads, rms 0.0025mm @270 vs 5.0702mm next best (2028x).",n/a
C82317,270,"W25Q flash in SOIC-8_5.3x5.3mm_P1.27mm. CORRECTED 90->270 on 2026-07-25: 8 pads, rms 0.0577mm @270 vs 5.4176mm next best (94x). Distinct footprint from the fleet's SOIC-8_3.9x4.9mm parts.",n/a
C5224055,270,"AP61102-family buck in SOT-563. CORRECTED 90->270 on 2026-07-25: 6 pads, rms 0.0725mm @270 vs 1.1183mm next best (15x).",n/a
C90627,270,"USB ESD array in USON-10_2.5x1.0mm_P0.5mm. CORRECTED 90->270 on 2026-07-25: 10 pads, rms 0.0150mm @270 vs 1.1438mm next best (76x).",n/a
C7719,270,"Watchdog/supervisor in SOT-23-5; cooksense U_WD. CORRECTED 90->270 on 2026-07-25 (the row was added earlier the SAME DAY at 90 and was wrong): direct U_WD fit vs JLC's cached model, 5 pads, board_rot 0.0, rms 0.0122mm @270 vs 1.9889mm next best (162x). cooksense v1.0 and v1.1 ALREADY shipped 270 and were RIGHT — there was never a U_WD rotation defect. This row exists so the resolver stops deferring to the name-DB (^SOT-23 = -90), not because the CPL was wrong.",n/a
C2982822,0,"100uF/35V polymer ELECTROLYTIC (polarized) in CAP-SMD_BD6.3-L6.5-W6.5-LS7.2-FD; usb-hub-3s-v3 C1/C2. Measured 2026-07-25: our CP_Elec_6.3x7.7 pad1 (VIN, '+') at local x=-2.700, JLC model pad1 at x=-2.670 — ALREADY ALIGNED, so offset=0 (fit by pad NUMBER, rms 0.030mm @0 vs 5.370mm @180). Board rot 90 => correct CPL 90.0, but sealed v1.4 ships 270.0 = 180deg REVERSED on a polarized cap across the 9-12.6V 3S pack: they would vent. Polarity cross-checked physically so a mislabeled model cannot fool the pad fit: JLC's silk chamfer is on the -x (pad-1) end and our footprint marks '+' on the -x (pad-1) end — both conventions agree.",two-channel
C98732,270,"AMASS XT60PW-M battery connector (THT, POLARIZED) in the vendored usb_hub_3s:XT60PW-M_EdgeTrim; usb-hub-3s-v3 J1. Measured 2026-07-25 with the pcbnew-verified operator, pads matched by NUMBER: our pad1(GND)/pad2(VBAT) are collinear in x at 7.2mm pitch, JLC's are collinear in y at 7.2mm -> rms 0.0000mm @270 vs 5.0912mm next best. board_rot 90 => correct CPL 0.0; sealed v1.4 ships 90.0 (90deg off). No name-DB rule fired: ^AMASS_XT60PW-M is start-anchored and the vendored footprint name is not prefixed, so the offset defaulted to 0. NOTE the ledger incident 'a reversed XT60 shipped once' and part.yaml 'PAD 1 IS NEGATIVE - polarity is a PART FACT': a 2-pad collinear fit resolves 90 vs 270 only via pad NUMBERING, so this one MUST also pass the JLC order-preview human gate.",single-channel
C587657,180,"JST XH B2B-XH-A 2-pin power inlet; smc0985-cooksense J_PWR — THE BOARD POWER INPUT (pad1 5V_IN, pad2 GND). Measured 2026-07-25 formA, pads by NUMBER: offset 180, rms 0.0000mm EXACT vs 2.1213mm next best. board_rot 0 => correct CPL 180.0; sealed v1.0/v1.1 ship 0.0 = 180deg OFF, so EVERY unit would have its supply reversed. Numbering-free corroboration: our MP tab row sits at y-0.285 and JLC's at y+1.710 — the tab row is on the OPPOSITE side of the contact row in the two frames. Fails SAFE rather than destructive (Q_REV + F1 + D_REVCLAMP) but the board would simply not power up. Found as a surviving ROT-DB-SUGGEST after the 9-ref fix; same name-DB family.",two-channel
C157991,180,"JST XH B5B-XH-A 5-pin 2.50mm; smc0985-cooksense J_LOADCELL. Measured 2026-07-25 formA, pads by NUMBER: offset 180, rms 0.0566mm vs 5.0402mm next best = 89x. board_rot 0 => correct CPL 180.0; sealed v1.0/v1.1 ship 0.0 = 180deg OFF. DESTRUCTIVE: 180deg swaps LC_CLK<->5V_PROTECTED and LC_DAT<->3V3 at the pod connector, putting 5V onto an HX711 data line. Numbering-free corroboration: our numbering runs +x (0 -> 10.0) while JLC's runs -x (+5.08 -> -5.08). The 0.0566 residual is JLC's 2.540mm model pitch vs the real B5B-XH-A 2.50mm part — their approximation, not our footprint error.",two-channel
C189896,0,"JST GH SM05B-GHS-TB 5-pin 1.25mm horizontal connector; smc0985-cooksense J_DOOR, J_ESTOP, J_MODE, J_RH_AMBIENT, J_RH_EXHAUST. Measured 2026-07-25 with formA (the pcbnew-verified operator), pads matched by NUMBER, refdes->LCSC taken from the sealed CPL (NOT a pad-count heuristic): offset 0, rms 0.0000mm EXACT vs 2.5000mm next best, on all five refs. Second, numbering-free channel: the unnumbered MP mounting tabs (absent from JLC's numbered set, so excluded from the fit on both sides) corroborate. REFUTES jlc_rotations_db.csv:52 '^JST_GH_SM',180 — that unevidenced name rule placed all five 180deg out in sealed v1.0 and v1.1.",two-channel
C265111,0,"JST GH SM08B-GHS-TB 8-pin 1.25mm horizontal connector; smc0985-cooksense J_THERM_A, J_THERM_B (the thermal-camera heads). Measured 2026-07-25, formA, pads by NUMBER: offset 0, rms 0.0050mm vs 4.0520mm next best = 810x separation. Sealed v1.0/v1.1 ship 180.0 = 180deg OFF, from the same refuted ^JST_GH_SM rule. Numbering-free second channel (recorded in 99c739c, moved into the row here per RULE 1): the unnumbered MP mounting tabs, absent from JLC's numbered set and therefore excluded from the fit on both sides, corroborate offset 0 without consulting a pad number.",two-channel
C2683602,0,"JST GH SM10B-GHS-TB 10-pin 1.25mm horizontal connector; smc0985-cooksense J_KEY_MATRIX (the keypad matrix to Board C). Measured 2026-07-25, formA, pads by NUMBER: offset 0, rms 0.0049mm vs 5.0792mm next best = 1037x separation. board_rot 270 => correct CPL 270.0; sealed v1.0/v1.1 ship 90.0 = 180deg OFF. Numbering-free second channel (recorded in 99c739c, moved into the row here per RULE 1): the unnumbered MP mounting tabs, absent from JLC's numbered set and therefore excluded from the fit on both sides, corroborate offset 0 without consulting a pad number.",two-channel
C125121,270,"LTV-817S optocoupler in SMDIP-4_W9.53mm; smc0985-cooksense U_OPTO — the SAFETY ISOLATION barrier between the contactor loop and SELV logic. Measured 2026-07-25, formA: offset 270, rms 0.2350mm vs 7.1366mm next best = 30x; the 0.235 residual IS the 9.53mm-vs-10.00mm lead-span difference between our land and JLC's. THREE numbering-free channels agree before any pad number is consulted: (1) lead axis — our lands span 9.53mm along X, JLC's 10.00mm along Y, forcing {90,270}; (2) pin-1 marks — our F.Fab chamfer at the -x/-y corner vs JLC's silk pin-1 dot at -x/+y, and only 270 lands it in our pin-1 quadrant (1.655mm vs 6.157-9.481mm for the others); (3) our F.SilkS DIP notch on the -y edge. board_rot 0 => correct CPL 270.0; sealed v1.0/v1.1 ship 0.0 = 270deg OFF. NOTE: this is the fleet's first 90/270-class row on cooksense, i.e. the only one that actually exercises the handedness fix — put it through the JLC order-preview human gate before trusting it as authority.",two-channel
C2887273,0,"220uF POLARIZED aluminium electrolytic in CP_Elec_6.3x7.7 (JLC CAP-SMD_BD6.3-L6.6-W6.6-FD); smc0985-cooksense CE1 on the 5V_PROTECTED rail. Measured 2026-07-25: our pad1 (5V_PROTECTED, the '+') at local x=-2.700, JLC model pad1 at x=-2.670 — ALREADY ALIGNED, offset 0, rms 0.0300mm @0 vs 3.7972mm @90 (127x). board_rot 0 => correct CPL 0.0; sealed cooksense v1.0 AND v1.1 both ship 180.0 = REVERSED on a polarized cap. Polarity cross-checked physically so a mislabeled model cannot fool the pad fit: JLC's silk chamfer runs -1.98,3.38 -> -3.38,1.98, i.e. on the -x (pad-1) end, matching our pad-1 end. THIRD instance of this exact class after usb-hub-3s-v3 C1/C2 (C2982822) — every CP_Elec_6.3x7.7 part the name-DB resolves is 180deg out, because the name-DB rule encodes a different vendor's pad-1 convention.",two-channel
C22046,180,"SN74LVC1G11 single 3-input AND in SOT-23-6; smc0985-cooksense U_AND1/2/3, U_FAULTAND, U_CAND1/2, U_DECUEN, U_DECDEN, U_LATCHG, U_OSCLR — the ENTIRE hardware safety chain of a cooking interlock. Measured 2026-07-25 with the pcbnew-verified operator, pads matched by NUMBER, INDEPENDENTLY on all TEN refs: every one fits best at offset 180, rms 0.2125mm vs 2.0784mm next best (9.8x); the 0.2125 residual IS the pad-length difference between our land and JLC's. board_rot 0 => correct CPL 180.0; the pre-row export shipped 270.0 = 90deg WRONG on all ten. No name-DB rule matched (grep SOT-23-6 jlc_rotations_db.csv returns nothing) so the -90 arrived from a broader ^SOT-23 pattern — a partial-prefix match is as dangerous as a wrong one. Cross-check: U_STOPINV (SOT-353, a different package on the same board) already fitted 180 with db=180.0.",n/a
C15127,180,"AO3400A N-FET in SOT-23; crow-recorder-central-v2 Q1 fit=0.28mm offset=180. Fleet-cross-verified: cooksense (Q_COIL/Q_REV/Q_SW*) and crow-recorder-central v1.0 (Q9). RE-VERIFIED 2026-07-25 with the proven operator: 180 CONFIRMED (180 is sign-invariant, so the xform bug never touched it).",n/a
C20917,180,AO3401A P-FET in SOT-23; crow-recorder-central-v2 Q2 fit=0.08mm offset=180. RE-VERIFIED 2026-07-25 with the proven operator: 180 CONFIRMED.,n/a
C79924,180,TLV70018 LDO in SOT-23-5; crow-recorder-central-v2 U9 and crow-recorder-central v1.0 U12 fit=0.20mm offset=180. RE-VERIFIED 2026-07-25: 180 CONFIRMED. NOTE: C7719 is a DIFFERENT SOT-23-5 part needing 270 (its own row above) — the two together are why a footprint-NAME key cannot work.,n/a
C8545,180,AO3400-family FET in SOT-23; cooksense (Q_COILDRV/Q_SWDRV*) fit=0.08mm offset=180. RE-VERIFIED 2026-07-25: 180 CONFIRMED.,n/a
C78284,180,"FET in SOT-23; usb-hub-3s-v3 Q7 fit=0.0589mm offset=180. RE-VERIFIED 2026-07-25 with the proven operator: 180 CONFIRMED (rms 0.0589mm @180 vs 1.6951mm next best, 29x).",n/a
C6035451,180,"AP2112K-family LDO in SOT-89-5; crow-recorder-central-v2 U10. Measured 2026-07-25 against JLC's cached SOT-89-5_L4.5-W2.5-P1.50-LS4.5-BR with the pcbnew-verified operator (local_to_board handedness, NOT jlc_twin's pre-fix xform). PAD-NUMBER fit: offset 180, rms 0.5525mm vs 2.9895mm next best over 5 pads (5.4x). THE PAD-NUMBER FIT ALONE IS NOT SUFFICIENT HERE and was flagged as such: a numbering-free fit by pad SIZE CLASS is DEGENERATE at 1.0x (spread 0.0000mm at ALL FOUR angles) because the SOT-89-5 land is its own 180-degree reflection — pads 1,3 at x=-1.85 and 4,5 at x=+1.85 with the tab centred at (0,0). The NUMBERING-FREE channel that does decide it is the PIN-1 BODY MARKING, matched mark-to-mark: our F.Fab chamfer cuts the -x/-y corner at (-1.250,-2.250), JLC's F.SilkS pin-1 dot sits at (+2.26,+2.25) with a second Cmts.User pin-1 circle at (+2.09,+1.51) in the same quadrant. Rotating JLC's mark: 180 lands it 1.0100mm from our chamfer corner vs 2.7646mm for the next best (90) = 2.7x; 0 is 5.0292mm away. Both channels therefore say 180 and they agree. CONSEQUENCE: sealed crow-recorder-central-v2 v1.4 shipped U10 at 180 and was RIGHT; this row exists so the resolver stops deferring to the advisory name-DB rule ^SOT-89 (which also happens to say 180) and so the degeneracy above is on the record rather than rediscovered.",two-channel
C3020560,0,"GCT USB4105 16P top-mount USB-C receptacle; crow-recorder-central-v2 J2. Measured 2026-07-25 against JLC's cached TYPE-C-SMD_SBC-160S1A-20-S412 with the pcbnew-verified operator. CHANNELS DISAGREE, and this row is the cleanest demonstration in the table of why canon A-POL exists. The PAD-NUMBER fit says 90 (rms 4.4723mm vs 4.8841mm next = 1.1x, i.e. garbage) because it pairs OUR signal pads 1-4 against JLC's SHELL POSTS, which JLC numbers 1-4 while naming the signal contacts A1/B12/A4/... — the two libraries number different physical features, exactly the failure mode a numbered fit structurally cannot see. The NUMBERING-FREE channel is the shell-post pad SIZE CLASS (no pad number is read; the classes are grouped by their long dimension alone): at offset 0 the 2.1mm-class posts demand dy = -3.105 - (-1.810) = -1.2950 and the 1.8mm-class posts demand dy = +1.075 - (+2.370) = -1.2950 — SELF-CONSISTENT to 0.0000mm, spread 0.0100mm overall; at 180 the same two classes demand -4.915 vs +3.445, an 8.36mm self-contradiction; 90/270 are excluded by the 8.64mm post span against the 4.18mm contact-row span (spread 4.2085mm). Separation 420x. BELIEVE THE NUMBERING-FREE CHANNEL: offset 0. board_rot 0 => correct CPL 0.0. J2 MUST ALSO PASS THE JLC ORDER-PREVIEW human gate before the first order, because the two channels disagreed. Related but separate defect: sealed v1.4 placed this same connector at the KiCad ANCHOR rather than the pad-array centre, 1.3025mm off against 1.150mm contacts = 0.000mm pad overlap (canon A-POS).",two-channel
C1972959,0,"SOT-553 5-pin ESD/level part; crow-recorder-central-v2 Dp1-Dp8. Measured 2026-07-25 against JLC's SOT-553-5_L1.6-W1.2-P0.50-LS1.6-TL-1 with the pcbnew-verified operator. PAD-NUMBER fit: offset 0, rms 0.0122mm vs 1.1652mm next best over 5 pads (95x). NUMBERING-FREE channel (PAD CLOUD — every pad matched to the nearest JLC pad of the same size class after centroid alignment, no pad number read): offset 0 at rms 0.0122mm vs 0.3585mm next best (29x). The land is 3 pads on one side and 2 on the other, so its arrangement is NOT its own reflection and the cloud discriminates without numbering. Both channels agree.",two-channel
C232798,0,"NC7NZ34 buffer in US-8 (MO-187CA); crow-recorder-central-v2 U4. Measured 2026-07-25 against JLC's US-8_L2.1-W2.4-P0.50-LS3.2-BL with the pcbnew-verified operator. PAD-NUMBER fit: offset 0, rms 0.1500mm vs 2.1674mm next best over 8 pads (14x). NUMBERING-FREE channel (PIN-1 BODY MARKING, matched mark-to-mark): offset 0 at 0.3607mm vs 1.9319mm next best (5.4x). Note the PAD CLOUD channel is degenerate between 0 and 180 (both 0.1500mm) — a dual-row 8-pad land is its own 180 reflection — so the pin-1 marking is what carries this row. Both usable channels agree.",two-channel
C2762192,0,"Seiko-Epson FA238 4-pad SMD crystal 3.2x2.5mm; crow-recorder-central-v2 Y1. Measured 2026-07-25 against JLC's CRYSTAL-SMD_4P-L3.2-W2.5-BL with the pcbnew-verified operator. PAD-NUMBER fit: offset 0, rms 0.0500mm vs 1.9449mm next best over 4 pads (39x). NUMBERING-FREE channel (PIN-1 BODY MARKING, matched mark-to-mark): offset 0 at 0.0000mm EXACT vs 2.4901mm next best. CORRECTED the SAME DAY the row landed: it was first written 'single-channel, NO NUMBERING-FREE CHANNEL EXISTS' because jlc_rotation_measure.py read only LINE-segment F.Fab outlines and this land draws its body (and its pin-1 chamfer) as a POLYGON — a TOOL GAP that reads exactly like a PART FACT, and the worst kind, because it would have populated this authority table with false single-channel declarations and sent ordinary parts to the human gate while teaching everyone to wave them through. The four corner pads ARE identical, so the pad-geometry channels remain degenerate 0-vs-180 (size-class spread 0.0000mm and pad-cloud rms 0.0500mm at BOTH); it is the chamfer that decides. board_rot 0 => correct CPL 0.0.",two-channel
C2909890,0,"Sensirion SHT4x humidity sensor in DFN-4 1.5x1.5mm; crow-recorder-central-v2 U6. Measured 2026-07-25 against JLC's DFN-4_L1.5-W1.5-P0.8-TL-EP with the pcbnew-verified operator. PAD-NUMBER fit: offset 0, rms 0.0200mm vs 1.1280mm next best over 4 pads (56x). NUMBERING-FREE channel (PIN-1 BODY MARKING, matched mark-to-mark): offset 0 at 0.0000mm EXACT vs 1.1573mm next best. The PAD CLOUD channel is degenerate 0-vs-180 (0.0200mm both), so the pin-1 marking is what carries this row. Both usable channels agree.",two-channel
C87074,0,"SMA-package rectifier diode (POLARIZED, 2-pad collinear); crow-recorder-central-v2 D1. Measured 2026-07-25 against JLC's SMA_L4.3-W2.6-LS5.2-RD with the pcbnew-verified operator. PAD-NUMBER fit: offset 0, rms 0.2000mm vs 4.2000mm at 180 — BUT THAT SEPARATION IS PURELY NUMBERING: both pads are identical (ours 2.500x1.800 at x=-2.000/+2.000, JLC's 2.000x2.000 at x=-2.200/+2.200), so the geometric channels are DEGENERATE (pad cloud 0.2000mm at BOTH 0 and 180) and only the pad LABELS distinguish them. That is exactly the channel canon A-POL proves can be confidently wrong (C2296/C2297: 17.7x margin, wrong answer). NUMBERING-FREE channel, the SILK/FAB CATHODE MARKING, read as SHAPES on both sides: OURS — the KiCad D_SMA F.Fab diode glyph has its cathode BAR at x=-0.649 and its triangle APEX at x=-0.649 with the base at x=+0.501 (a diode triangle points at its cathode), and the F.SilkS cathode band runs the full height at x=-3.510; so OUR cathode is the -x end. JLC — the F.SilkS cathode bar runs (-0.88,-1.43) to (-0.88,+1.43), two filled F.SilkS cathode-end polygons sit at x=-2.52..-2.98, and the pin-1 dot is at (-2.61,+1.30); so THEIR cathode is also the -x end. Both libraries draw the cathode WEST => the physical parts already align => offset 0, and this agrees with the pad-number fit. board_rot 0 => correct CPL 0.0.",two-channel
C2296,0,"Indicator LED 0805 (POLARIZED); usb-hub-3s-v3 D8. Measured 2026-07-26 BY HAND from the raw footprints -- a DIFFERENT method from jlc_rotation_measure.py, canon M1. THE PAD-NUMBER FIT IS CONFIDENTLY WRONG HERE: it returns 180 at 0.1125mm vs 1.9875mm (17.7x) because JLC numbers pad 1 = ANODE (at x=+1.05) while KiCad Device:LED is pin 1 = K (at x=-0.9375) -- the fit is measuring a LABELLING difference, not a geometric one. The pad CLOUD is DEGENERATE: 0.1125mm at BOTH 0 and 180 (a 2-pad symmetric chip land is its own 180 reflection), 1.4076mm at 90/270, so geometry admits {0,180} and only the polarity mark can decide. NUMBERING-FREE CHANNEL, cathode marks read as SHAPES: OURS -- F.SilkS band full-height at x=-1.685, plus the F.Fab body chamfer cutting the (-1.000,-0.600) corner; both on the pad-1 / -x end. JLC -- the F.SilkS LED glyph is a triangle with base at x=+0.200 and apex at x=-0.300, and a diode triangle POINTS AT ITS CATHODE; body chamfer segments at x=-1.82/-2.22/-2.22/-1.84, mean -2.025. BOTH libraries draw the cathode WEST, so the physical parts already align => offset 0. A 180 row would ship every indicator LED dark, which is indistinguishable from a bad solder joint. NOTE the fixed tool reports '180 single-channel' for this part and WITHHOLDS the paste-ready row -- that is the tool correctly declining to certify a channel it does not have, not a measurement.",two-channel
C2297,0,"Indicator LED 0805 (POLARIZED); usb-hub-3s-v3 D9, D10, D11, D12. Measured 2026-07-26: JLC's cached footprint is BYTE-IDENTICAL to C2296's LED0805-R-RD apart from the LCSC Part property and the .wrl model path, so the C2296 measurement covers this code exactly -- same pad 1 = ANODE at x=+1.05, same triangle apex at x=-0.300 pointing WEST, same body chamfer mean x=-2.025. offset 0 for the same reason and with the same consequence: a 180 row ships four status LEDs dark. See C2296 for the full derivation.",two-channel
C2760089,270,"AON6403-class P-FET in PDFN-8 5.6x5.2mm; usb-hub-3s-v3 Q1 and Q6 -- the 5A delivery-path pass FETs. Measured 2026-07-26 with the pcbnew-verified operator AFTER the jlc_rotation_measure.py P0 fix (3bf6cb8, which demoted pin-1 marking to corroboration-only and added the pad-cloud veto). PAD-NUMBER fit: offset 270, rms 0.1341mm vs 3.7904mm next best over 9 pads (28x). NUMBERING-FREE CHANNEL: the DRAIN PADDLE -- the single largest pad, matched by SIZE CLASS alone with no pad number read -- lands 0.056mm at 270 vs 0.829 / 1.171 / 0.829mm at 0 / 90 / 180, a 15x separation. Both channels agree. These are two of the six 6A MOSFETs that the PRE-fix tool would have placed 180deg out.",two-channel
C404363,270,"N-FET in DFN-8 5.2x6.1mm; usb-hub-3s-v3 Q2, Q3, Q4, Q5. Measured 2026-07-26 with the pcbnew-verified operator, post-3bf6cb8. PAD-NUMBER fit: offset 270, rms 0.1501mm vs 3.7910mm next best over 13 pads (25x). NUMBERING-FREE CHANNEL: the DRAIN PADDLE by size class, no number read -- 0.153mm at 270 vs 0.904 / 1.269 / 0.904mm at 0 / 90 / 180, a 6x separation. Both channels agree. The 6x paddle margin is the weakest numbering-free separation among the usb-hub FETs; it is still decisive but it is recorded as 6x rather than rounded up.",two-channel
C113976,0,"SMB-package TVS / rectifier (POLARIZED, 2-pad); usb-hub-3s-v3 D5 -- the 5VC-rail clamp. Measured 2026-07-26 BY HAND from raw footprint geometry. PAD-NUMBER fit: offset 0, rms 0.2100mm vs 3.1925mm. The pad CLOUD is DEGENERATE {0,180} (two identical pads), so the numbering-free channel is what carries this row. CATHODE MARKS read as SHAPES: OURS Diode_SMD:D_SMB -- pad 1 at x=-2.15 with the F.SilkS cathode band full-height at x=-3.66, so our cathode is the -x end. JLC SMB_L4.6-W3.6-LS5.3-RD -- pad 1 at x=-2.36, F.SilkS cathode bar full-height at x=-1.02, two FILLED cathode-end silk polygons spanning x=-2.6675..-3.1247 (mean -2.896), and the pin-1 dot at (-2.65,+1.80); their cathode is also the -x end. BOTH cathodes WEST => offset 0, and here the pad-NUMBER fit AGREES because on this code JLC's pad 1 IS the cathode -- the OPPOSITE of the C2296/C2297 LEDs on the SAME BOARD, where JLC's pad 1 is the anode. Two families, one vendor, two opposite numbering conventions: this is the concrete proof that no footprint-NAME or per-vendor rule can work and rows must be per-LCSC. UPGRADED from the tool's 'single-channel': the tool has no cathode-mark channel, so its silence was a TOOL GAP wearing the costume of a part fact.",two-channel
C83846,0,"SMB-package diode (POLARIZED, 2-pad); usb-hub-3s-v3 D1. PAD-NUMBER fit computed INDEPENDENTLY BY HAND 2026-07-26 with the pcbnew-verified operator over the 2 pads (ours at x=-2.15/+2.15 size 2.5x2.3, JLC's at x=-2.36/+2.36 size 2.047x2.192): offset 0 at rms 0.2100mm, vs 3.1925mm at 90 and 270 and 4.5100mm at 180 -- next-best 3.1925mm = 15.2x separation. The 0.2100mm residual IS the 0.21mm pad-centre pitch difference between our land and JLC's, not a fit error. Footprint identity is PROVEN rather than inferred: diffing C83846's cached SMB_L4.6-W3.6-LS5.3-RD against C113976's returns EMPTY apart from the LCSC Part property and the .wrl model path, which is why the two rows share geometry -- pad 1 at x=-2.36 = cathode, silk cathode bar at x=-1.02, filled cathode polygons mean x=-2.896, pin-1 dot (-2.65,+1.80). Ours is the same Diode_SMD:D_SMB (pad 1 at -2.15, silk band -3.66). Both cathodes WEST => offset 0, pad-NUMBER fit agrees. See C113976 for the full derivation and for why the LED codes on this same board behave oppositely. UPGRADED from the tool's 'single-channel' -- no cathode-mark channel exists in the tool.",two-channel
C173429,0,"SOD-123 diode (POLARIZED, 2-pad); usb-hub-3s-v3 D2. Measured 2026-07-26 BY HAND. PAD-NUMBER fit: offset 0, rms 0.0100mm vs 2.3264mm next best (233x); pad CLOUD degenerate {0,180}. CATHODE MARKS as SHAPES: OURS Diode_SMD:D_SOD-123 -- pad 1 at x=-1.65, F.SilkS cathode band full-height at x=-2.36 => cathode -x. JLC SOD-123_L2.7-W1.6-LS3.7-RD -- pad 1 at -x with its cathode bar and filled cathode-end polygons on the same -x end. BOTH WEST => offset 0, pad-number fit agrees (JLC pad 1 = cathode on this code). UPGRADED from the tool's 'single-channel' (tool has no cathode-mark channel).",two-channel
C2128,0,"SOD-323 diode (POLARIZED, 2-pad); usb-hub-3s-v3 D3 and D4. Measured 2026-07-26 BY HAND. PAD-NUMBER fit: offset 0, rms 0.1200mm vs 1.5721mm next best (13x -- the weakest numbered margin of the four diodes); pad CLOUD degenerate {0,180}. CATHODE MARKS as SHAPES: OURS Diode_SMD:D_SOD-323 -- pad 1 at x=-1.05, F.SilkS cathode band full-height at x=-1.61 => cathode -x. JLC SOD-323_L1.8-W1.3-LS2.5-RD -- pad 1 at x=-1.17, F.SilkS cathode bar full-height at x=-0.45, two FILLED cathode-end polygons spanning x=-0.775..-1.080 (mean -0.927), pin-1 dot at (-1.23,+0.65) => cathode -x. BOTH WEST => offset 0, and the pad-number fit agrees. UPGRADED from the tool's 'single-channel' (no cathode-mark channel in the tool).",two-channel
C130056,270,"SON-8 3.0x3.0mm part with exposed pad; usb-hub-3s-v3 U3, U4, U5. Measured 2026-07-26 post-3bf6cb8: PAD-NUMBER fit offset 270, rms 0.0483mm vs 2.1365mm next best over 9 pads (44x). DECLARED single-channel: no numbering-free channel survives the fixed tool -- the dual-row SON-8 land plus centred exposed pad is its own 180 reflection so the pad cloud is degenerate, and the tool's pin-1-marking channel is corroboration-only since 3bf6cb8. Per RULE 3 this row MUST be carried by the JLC ORDER-PREVIEW HUMAN GATE before the first order.",single-channel
C13755,270,"HTSSOP-20 4.4x6.5mm with exposed pad; usb-hub-3s-v3 U2 and U11. Measured 2026-07-26 post-3bf6cb8: PAD-NUMBER fit offset 270, rms 0.0087mm vs 4.7226mm next best over 25 pads (543x -- the cleanest numbered fit on this board). DECLARED single-channel: a dual-row HTSSOP land with a centred exposed pad is its own 180 reflection, so the pad-cloud channel is degenerate and no numbering-free channel remains after 3bf6cb8 demoted pin-1 marking to corroboration-only. A 543x margin is NOT confidence about numbering -- canon A-POL exists because C2296 returns 17.7x and is wrong. Per RULE 3 this row MUST pass the JLC ORDER-PREVIEW HUMAN GATE before the first order.",single-channel
C473910,270,"SOT-23-6 part; usb-hub-3s-v3 U6 and U7. Measured 2026-07-26 post-3bf6cb8: PAD-NUMBER fit offset 270, rms 0.0125mm vs 1.9544mm next best over 6 pads (156x). NOTE these statistics are IDENTICAL to C7519's and that is legitimate, not a transcription error: both codes resolve to the same JLC land SOT-23-6_L2.9-W1.6-P0.95-LS2.8-BL and our side uses the same footprint, so the fit is arithmetically the same measurement twice. VERIFIED 2026-07-26 by comparing the two cached .kicad_mod paths directly rather than trusting the coincidence. DECLARED single-channel: the 3+3 SOT-23-6 land is its own 180 reflection (degenerate pad cloud) and pin-1 marking is corroboration-only since 3bf6cb8. Per RULE 3 this row MUST pass the JLC ORDER-PREVIEW HUMAN GATE.",single-channel
C7519,270,"SOT-23-6 part; usb-hub-3s-v3 U8, U9, U10, U12. Measured 2026-07-26 post-3bf6cb8: PAD-NUMBER fit offset 270, rms 0.0125mm vs 1.9544mm next best over 6 pads (156x). Statistics identical to C473910 for the legitimate reason recorded in that row -- SAME JLC land SOT-23-6_L2.9-W1.6-P0.95-LS2.8-BL, same footprint on our side, so it is the same arithmetic twice; confirmed by diffing the two cached footprint files directly, which return identical pad geometry. DECLARED single-channel for the same reason (3+3 land is its own 180 reflection). Per RULE 3 this row MUST pass the JLC ORDER-PREVIEW HUMAN GATE. NB U12 is the part whose 5.25V rating the R42 trim study was about -- getting its ORIENTATION right is separate from and additional to that voltage question.",single-channel
C503996,0,"USB-A vertical through-hole receptacle; usb-hub-3s-v3 J2, J3, J4 -- the three downstream host ports. Measured 2026-07-26: PAD-NUMBER fit offset 0, rms 0.0000mm EXACT vs 3.6401mm next best. NUMBERING-FREE CHANNEL: the shell / mounting-tab pads (unnumbered on our side, excluded from the fit on both) corroborate 0 without reading a contact number, and the 4-contact row is not its own reflection against the tab positions. board_rot => correct CPL 0.0.",two-channel
C5337088,0,"USB-C 12-position SMD receptacle TYPE-C-31-M-12A; usb-hub-3s-v3 J5 -- the Pi-facing power output. Measured 2026-07-26: PAD-NUMBER fit offset 0, rms 0.0000mm EXACT vs 1.6202mm next best over 18 pads. NUMBERING-FREE CHANNEL: the four shell-post pads by SIZE CLASS (no pad number read) are self-consistent at 0 and contradict themselves at 180, the same discriminator that decided crow-recorder-central-v2's C3020560 -- and unlike that part the numbered fit here AGREES, because this vendor land numbers the signal contacts rather than the posts. board_rot => correct CPL 0.0. This is the connector whose delivered voltage the ORDER_README Q2/Q5 bench gates measure at the CABLE END.",two-channel
