Designator,Val,Package,Mid X,Mid Y,Layer,Rotation
C1,180uF,CP_Elec_6.3x5.8,46.5,-37.5,top,0.0
C10,100nF,C_0402_1005Metric,76.0,-45.8,top,180.0
C11,100nF,C_0402_1005Metric,76.0,-44.6,top,180.0
C12,330nF,C_0402_1005Metric,115.0,-45.8,top,180.0
C13,330nF,C_0402_1005Metric,115.0,-44.6,top,180.0
C14,100nF,C_0402_1005Metric,91.25,-45.96,top,0.0
C15,100nF,C_0402_1005Metric,99.15,-42.04,top,0.0
C16,10uF,C_0402_1005Metric,99.15,-47.0,top,0.0
C17,100nF,C_0402_1005Metric,110.0,-53.5,top,0.0
C18,100nF,C_0402_1005Metric,136.0,-55.0,top,0.0
C19,100nF,C_0402_1005Metric,119.0,-52.5,top,0.0
C2,180uF,CP_Elec_6.3x5.8,88.0,-27.0,top,0.0
C20,100nF,C_0402_1005Metric,134.3,-48.3,top,180.0
C21,150uF,CP_Elec_6.3x5.8,144.0,-52.0,top,0.0
C22,100nF,C_0402_1005Metric,76.0,-71.4,top,0.0
C23,100nF,C_0402_1005Metric,76.0,-70.2,top,0.0
C24,100nF,C_0402_1005Metric,115.0,-71.4,top,0.0
C25,100nF,C_0402_1005Metric,115.0,-70.2,top,0.0
C26,100nF,C_0402_1005Metric,76.0,-73.8,top,180.0
C27,100nF,C_0402_1005Metric,76.0,-72.6,top,180.0
C28,330nF,C_0402_1005Metric,115.0,-73.8,top,180.0
C29,330nF,C_0402_1005Metric,115.0,-72.6,top,180.0
C3,100nF,C_0402_1005Metric,95.0,-33.0,top,0.0
C30,100nF,C_0402_1005Metric,91.25,-73.96,top,0.0
C31,100nF,C_0402_1005Metric,99.15,-70.04,top,0.0
C32,10uF,C_0402_1005Metric,99.15,-75.0,top,0.0
C33,100nF,C_0402_1005Metric,110.0,-81.5,top,0.0
C34,100nF,C_0402_1005Metric,136.0,-83.0,top,0.0
C35,100nF,C_0402_1005Metric,119.0,-80.5,top,0.0
C36,100nF,C_0402_1005Metric,134.3,-76.3,top,180.0
C37,150uF,CP_Elec_6.3x5.8,144.0,-80.0,top,0.0
C38,100nF,C_0402_1005Metric,76.0,-99.4,top,0.0
C39,100nF,C_0402_1005Metric,76.0,-98.2,top,0.0
C4,1uF,C_0402_1005Metric,98.0,-33.0,top,0.0
C40,100nF,C_0402_1005Metric,115.0,-99.4,top,0.0
C41,100nF,C_0402_1005Metric,115.0,-98.2,top,0.0
C42,100nF,C_0402_1005Metric,76.0,-101.8,top,180.0
C43,100nF,C_0402_1005Metric,76.0,-100.6,top,180.0
C44,330nF,C_0402_1005Metric,115.0,-101.8,top,180.0
C45,330nF,C_0402_1005Metric,115.0,-100.6,top,180.0
C46,100nF,C_0402_1005Metric,91.25,-101.96,top,0.0
C47,100nF,C_0402_1005Metric,99.15,-98.04,top,0.0
C48,10uF,C_0402_1005Metric,99.15,-103.0,top,0.0
C49,100nF,C_0402_1005Metric,110.0,-109.5,top,0.0
C5,10uF,C_0402_1005Metric,101.0,-33.0,top,0.0
C50,100nF,C_0402_1005Metric,136.0,-111.0,top,0.0
C51,100nF,C_0402_1005Metric,119.0,-108.5,top,0.0
C52,100nF,C_0402_1005Metric,134.3,-104.3,top,180.0
C53,150uF,CP_Elec_6.3x5.8,144.0,-108.0,top,0.0
C54,100nF,C_0402_1005Metric,76.0,-127.4,top,0.0
C55,100nF,C_0402_1005Metric,76.0,-126.2,top,0.0
C56,100nF,C_0402_1005Metric,115.0,-127.4,top,0.0
C57,100nF,C_0402_1005Metric,115.0,-126.2,top,0.0
C58,100nF,C_0402_1005Metric,76.0,-129.8,top,180.0
C59,100nF,C_0402_1005Metric,76.0,-128.6,top,180.0
C6,100nF,C_0402_1005Metric,76.0,-43.4,top,0.0
C60,330nF,C_0402_1005Metric,115.0,-129.8,top,180.0
C61,330nF,C_0402_1005Metric,115.0,-128.6,top,180.0
C62,100nF,C_0402_1005Metric,91.25,-128.5,top,0.0
C63,100nF,C_0402_1005Metric,99.15,-126.04,top,0.0
C64,10uF,C_0402_1005Metric,99.15,-131.0,top,0.0
C65,100nF,C_0402_1005Metric,110.0,-137.5,top,0.0
C66,100nF,C_0402_1005Metric,136.0,-139.0,top,0.0
C67,100nF,C_0402_1005Metric,119.0,-136.5,top,0.0
C68,100nF,C_0402_1005Metric,134.3,-132.3,top,180.0
C69,150uF,CP_Elec_6.3x5.8,144.0,-136.0,top,0.0
C7,100nF,C_0402_1005Metric,76.0,-42.2,top,0.0
C8,100nF,C_0402_1005Metric,115.0,-43.4,top,0.0
C9,100nF,C_0402_1005Metric,115.0,-42.2,top,0.0
J1,C3819953,Phoenix_1935161_PT_1p5_2_5p0_H,34.5,-28.0,top,0.0
J2,C5364405,PinHeader_2x20_P2.54mm_Vertical,132.13,-23.73,top,0.0
J3,C5334230,Wurth_692221030100_USB3_B,33.645,-42.75,top,270.0
J5,C5334230,Wurth_692221030100_USB3_B,33.645,-70.75,top,270.0
J7,C5334230,Wurth_692221030100_USB3_B,33.645,-98.75,top,270.0
J9,C5334230,Wurth_692221030100_USB3_B,33.645,-126.75,top,270.0
Q1,C397981,PowerDI5060-8,68.0,-28.4,top,180.0
Q2,C85049,SOT-23,126.0,-51.0,top,180.0
Q3,C85049,SOT-23,126.0,-79.0,top,180.0
Q4,C85049,SOT-23,126.0,-107.0,top,180.0
Q5,C85049,SOT-23,126.0,-135.0,top,180.0
R1,2.2Ω,R_0402_1005Metric,56.0,-43.4,top,0.0
R10,2.2Ω,R_0402_1005Metric,56.0,-70.2,top,0.0
R11,2.2Ω,R_0402_1005Metric,136.0,-71.4,top,180.0
R12,2.2Ω,R_0402_1005Metric,136.0,-70.2,top,180.0
R13,2.2Ω,R_0402_1005Metric,136.0,-73.8,top,180.0
R14,2.2Ω,R_0402_1005Metric,136.0,-72.6,top,180.0
R15,2.2Ω,R_0402_1005Metric,56.0,-73.8,top,0.0
R16,2.2Ω,R_0402_1005Metric,56.0,-72.6,top,0.0
R17,2.2Ω,R_0402_1005Metric,56.0,-99.4,top,0.0
R18,2.2Ω,R_0402_1005Metric,56.0,-98.2,top,0.0
R19,2.2Ω,R_0402_1005Metric,136.0,-99.4,top,180.0
R2,2.2Ω,R_0402_1005Metric,56.0,-42.2,top,0.0
R20,2.2Ω,R_0402_1005Metric,136.0,-98.2,top,180.0
R21,2.2Ω,R_0402_1005Metric,136.0,-101.8,top,180.0
R22,2.2Ω,R_0402_1005Metric,136.0,-100.6,top,180.0
R23,2.2Ω,R_0402_1005Metric,56.0,-101.8,top,0.0
R24,2.2Ω,R_0402_1005Metric,56.0,-100.6,top,0.0
R25,2.2Ω,R_0402_1005Metric,56.0,-127.4,top,0.0
R26,2.2Ω,R_0402_1005Metric,56.0,-126.2,top,0.0
R27,2.2Ω,R_0402_1005Metric,136.0,-127.4,top,180.0
R28,2.2Ω,R_0402_1005Metric,136.0,-126.2,top,180.0
R29,2.2Ω,R_0402_1005Metric,136.0,-129.8,top,180.0
R3,2.2Ω,R_0402_1005Metric,136.0,-43.4,top,180.0
R30,2.2Ω,R_0402_1005Metric,136.0,-128.6,top,180.0
R31,2.2Ω,R_0402_1005Metric,56.0,-129.8,top,0.0
R32,2.2Ω,R_0402_1005Metric,56.0,-128.6,top,0.0
R33,220kΩ,R_0402_1005Metric,112.0,-46.31,top,270.0
R34,220kΩ,R_0402_1005Metric,112.0,-44.09,top,90.0
R35,220kΩ,R_0402_1005Metric,112.0,-74.31,top,270.0
R36,220kΩ,R_0402_1005Metric,112.0,-72.09,top,90.0
R37,220kΩ,R_0402_1005Metric,112.0,-102.31,top,270.0
R38,220kΩ,R_0402_1005Metric,112.0,-100.09,top,90.0
R39,220kΩ,R_0402_1005Metric,112.0,-130.31,top,270.0
R4,2.2Ω,R_0402_1005Metric,136.0,-42.2,top,180.0
R40,220kΩ,R_0402_1005Metric,112.0,-128.09,top,90.0
R41,1kΩ,R_0402_1005Metric,104.0,-32.0,top,0.0
R42,1kΩ,R_0402_1005Metric,106.0,-32.0,top,0.0
R43,1kΩ,R_0402_1005Metric,108.0,-32.0,top,0.0
R44,1kΩ,R_0402_1005Metric,110.0,-32.0,top,0.0
R45,1kΩ,R_0402_1005Metric,112.0,-32.0,top,0.0
R46,1kΩ,R_0402_1005Metric,114.0,-32.0,top,0.0
R47,1kΩ,R_0402_1005Metric,116.0,-32.0,top,0.0
R48,1kΩ,R_0402_1005Metric,118.0,-32.0,top,0.0
R49,100kΩ,R_0402_1005Metric,104.0,-34.0,top,0.0
R5,2.2Ω,R_0402_1005Metric,136.0,-45.8,top,180.0
R50,100kΩ,R_0402_1005Metric,106.0,-34.0,top,0.0
R51,100kΩ,R_0402_1005Metric,108.0,-34.0,top,0.0
R52,100kΩ,R_0402_1005Metric,110.0,-34.0,top,0.0
R53,100kΩ,R_0402_1005Metric,112.0,-34.0,top,0.0
R54,100kΩ,R_0402_1005Metric,114.0,-34.0,top,0.0
R55,100kΩ,R_0402_1005Metric,116.0,-34.0,top,0.0
R56,100kΩ,R_0402_1005Metric,118.0,-34.0,top,0.0
R57,100kΩ,R_0402_1005Metric,121.0,-54.0,top,0.0
R58,100kΩ,R_0402_1005Metric,121.0,-82.0,top,0.0
R59,100kΩ,R_0402_1005Metric,121.0,-110.0,top,0.0
R6,2.2Ω,R_0402_1005Metric,136.0,-44.6,top,180.0
R60,100kΩ,R_0402_1005Metric,121.0,-138.0,top,0.0
R61,100kΩ,R_0402_1005Metric,124.0,-54.0,top,0.0
R62,100kΩ,R_0402_1005Metric,124.0,-82.0,top,0.0
R63,100kΩ,R_0402_1005Metric,124.0,-110.0,top,0.0
R64,100kΩ,R_0402_1005Metric,124.0,-138.0,top,0.0
R65,100kΩ,R_0402_1005Metric,65.0,-33.5,top,0.0
R66,100kΩ,R_0402_1005Metric,139.0,-49.55,top,0.0
R67,100kΩ,R_0402_1005Metric,139.0,-77.55,top,0.0
R68,100kΩ,R_0402_1005Metric,139.0,-105.55,top,0.0
R69,100kΩ,R_0402_1005Metric,139.0,-133.55,top,0.0
R7,2.2Ω,R_0402_1005Metric,56.0,-45.8,top,0.0
R70,1MΩ,R_0402_1005Metric,73.0,-27.0,top,180.0
R71,10kΩ,R_0402_1005Metric,130.0,-54.0,top,0.0
R72,10kΩ,R_0402_1005Metric,130.0,-82.0,top,0.0
R73,10kΩ,R_0402_1005Metric,130.0,-110.0,top,0.0
R74,10kΩ,R_0402_1005Metric,130.0,-138.0,top,0.0
R75,4.7kΩ,R_0402_1005Metric,132.0,-33.0,top,0.0
R76,4.7kΩ,R_0402_1005Metric,126.0,-33.0,top,0.0
R77,4.7kΩ,R_0402_1005Metric,124.0,-33.0,top,0.0
R78,4.7kΩ,R_0402_1005Metric,130.0,-33.0,top,0.0
R79,4.7kΩ,R_0402_1005Metric,122.0,-33.0,top,0.0
R8,2.2Ω,R_0402_1005Metric,56.0,-44.6,top,0.0
R80,4.7kΩ,R_0402_1005Metric,128.0,-33.0,top,0.0
R9,2.2Ω,R_0402_1005Metric,56.0,-71.4,top,0.0
U1,C7527500,SOT-223-3_TabPin2,98.0,-27.0,top,270.0
U10,C130056,VSON-8-1EP_3x3mm_P0.65mm_EP1.65x2.4mm_ThermalVias,136.0,-79.0,top,0.0
U11,C962978,TPD6E05U06_RVZ14_3.5x1.35_P0.5,40.2,-71.0,top,90.0
U12,C962978,TPD6E05U06_RVZ14_3.5x1.35_P0.5,151.6,-69.0,top,270.0
U13,C7832,SC-70-5,116.0,-79.0,top,180.0
U14,C2675181,TUSB522P_RGE24_4x4_P0.5,95.0,-100.0,top,180.0
U15,C129313,TS3USB221E_RSE10_2x1.5_P0.4,108.0,-106.0,top,90.0
U16,C130056,VSON-8-1EP_3x3mm_P0.65mm_EP1.65x2.4mm_ThermalVias,136.0,-107.0,top,0.0
U17,C962978,TPD6E05U06_RVZ14_3.5x1.35_P0.5,40.2,-99.0,top,90.0
U18,C962978,TPD6E05U06_RVZ14_3.5x1.35_P0.5,151.6,-97.0,top,270.0
U19,C7832,SC-70-5,116.0,-107.0,top,180.0
U2,C2675181,TUSB522P_RGE24_4x4_P0.5,95.0,-44.0,top,180.0
U20,C2675181,TUSB522P_RGE24_4x4_P0.5,95.0,-128.0,top,180.0
U21,C129313,TS3USB221E_RSE10_2x1.5_P0.4,108.0,-134.0,top,90.0
U22,C130056,VSON-8-1EP_3x3mm_P0.65mm_EP1.65x2.4mm_ThermalVias,136.0,-135.0,top,0.0
U23,C962978,TPD6E05U06_RVZ14_3.5x1.35_P0.5,40.2,-127.0,top,90.0
U24,C962978,TPD6E05U06_RVZ14_3.5x1.35_P0.5,151.6,-125.0,top,270.0
U25,C7832,SC-70-5,116.0,-135.0,top,180.0
U3,C129313,TS3USB221E_RSE10_2x1.5_P0.4,108.0,-50.0,top,90.0
U4,C130056,VSON-8-1EP_3x3mm_P0.65mm_EP1.65x2.4mm_ThermalVias,136.0,-51.0,top,0.0
U5,C962978,TPD6E05U06_RVZ14_3.5x1.35_P0.5,40.2,-43.0,top,90.0
U6,C962978,TPD6E05U06_RVZ14_3.5x1.35_P0.5,151.6,-41.0,top,270.0
U7,C7832,SC-70-5,116.0,-51.0,top,180.0
U8,C2675181,TUSB522P_RGE24_4x4_P0.5,95.0,-72.0,top,180.0
U9,C129313,TS3USB221E_RSE10_2x1.5_P0.4,108.0,-78.0,top,90.0
