C12891,CL31A226KAHNNNE
C149504,0805W8F1003T5E
C152083,SMCJ33A
C15785,0805W8F5603T5E
C15850,CL21A106KAYNNNE
C15874,SS310
C165948,TYPE-C-31-M-12
C173526,SMBJ33A
C17414,0805W8F1002T5E
C17415,0805W8F100JT5E
C17513,0805W8F1001T5E
C17604,0805W8F2001T5E
C17633,0805W8F3302T5E
C17673,0805W8F4701T5E
C179171,W25Q64JVSSIQ
C2297,KT-0805G
C2687116,USBLC6-2SC6
C27834,0805W8F5101T5E
C28323,CL21B105KBFNNNE
C2868250,INA238AIDGSR
C2934560,ESP32-C3-WROOM-02-N4
C3105,0466002.NRHF
C318884,TS-1187A-B-A-B
C49678,CC0805KRX7R9BB104
C6186,AMS1117-3.3
C83454,SWPA6045S220MT
C844297,WSLP2726L5000FEA
C8598,B5819W
C86052,GRM32ER71H475KA88L
C87080,LMR16006XDDCR
